Open,High,Low,Close,Volume,RSI,MACD,MACD_Signal
454500.0,454500.0,448000.0,448500.0,418728,29.346314325452028,-34931.793805650144,-27973.473741571353
453000.0,453000.0,447500.0,450000.0,327509,29.63988919667591,-35387.89365881949,-29456.357725020982
440000.0,448000.0,440000.0,444500.0,557179,43.58452138492871,-35780.702447954216,-30721.22666960763
440000.0,440000.0,440000.0,440000.0,0,46.12068965517241,-36039.67568789789,-31784.916473265683
416500.0,438000.0,416000.0,435000.0,883314,40.503432494279174,-36230.72679397458,-32674.078537407462
420000.0,430000.0,418500.0,425000.0,465140,24.324324324324323,-36765.245731282805,-33492.31197618253
420000.0,420000.0,420000.0,420000.0,0,10.493827160493822,-37163.9116140026,-34226.631903746544
434000.0,434500.0,408500.0,411000.0,895460,8.875739644970409,-37770.68503648671,-34935.44253029458
437000.0,441000.0,430000.0,439500.0,460544,28.155339805825236,-35542.13788844447,-35056.78160192456
428500.0,436500.0,427000.0,433500.0,310930,37.17948717948718,-33869.71903583652,-34819.36908870695
414000.0,421000.0,412000.0,420500.0,370588,28.21576763485477,-33210.47669791477,-34497.59061054852
410500.0,417000.0,402500.0,406000.0,393413,27.86885245901638,-33472.20447648986,-34292.51338373679
410500.0,410500.0,410500.0,410500.0,0,28.163265306122454,-32936.83787022828,-34021.37828103509
391000.0,412000.0,390500.0,411500.0,1811373,31.140350877192986,-32062.27043945098,-33629.556712718266
363500.0,385500.0,361500.0,385000.0,1999479,26.394052044609666,-33125.646151070425,-33528.7746003887
359500.0,370000.0,355000.0,363000.0,1064506,21.935483870967744,-35336.26078380854,-33890.27183707267
359500.0,359500.0,359500.0,359500.0,0,22.222222222222214,-36944.73366377357,-34501.16420241285
376000.0,381500.0,373000.0,374000.0,816118,29.75460122699387,-36627.215451053635,-34926.37445214101
382000.0,384000.0,370500.0,377500.0,643915,32.19814241486068,-35681.84117668838,-35077.467797050485
382000.0,382000.0,382000.0,382000.0,0,36.21794871794872,-34175.558298747696,-34897.08589738993
397500.0,399000.0,388000.0,388500.0,413972,39.99999999999999,-32087.43857046083,-34335.156432004114
407000.0,407500.0,398000.0,403000.0,523438,47.54601226993865,-28929.08335803711,-33253.94181721072
408000.0,410000.0,398000.0,405000.0,320746,37.362637362637365,-25965.368210320128,-31796.2270958326
439000.0,444000.0,417500.0,418500.0,1528600,44.79166666666667,-22270.544454013987,-29891.09056746888
439000.0,439000.0,439000.0,439000.0,0,56.1056105610561,-17486.61650301615,-27410.195754578337
441000.0,448500.0,440500.0,443000.0,375894,63.12056737588653,-13220.158803482016,-24572.188364359074
440500.0,445000.0,427000.0,444500.0,440195,62.31884057971015,-9607.177314633562,-21579.186154413972
442000.0,444000.0,435000.0,437000.0,272318,58.82352941176471,-7265.300908104051,-18716.40910515199
428000.0,439500.0,425000.0,438500.0,456080,72.38493723849372,-5228.043884092534,-16018.7360609401
438500.0,440500.0,417500.0,422000.0,362727,75.87719298245614,-4888.562809620926,-13792.701410676265
449000.0,450000.0,437000.0,442500.0,491410,81.6793893129771,-2931.549856007914,-11620.471099742595
444500.0,448500.0,436000.0,436000.0,415524,75.20325203252033,-1883.38814185519,-9673.054508165114
436500.0,442000.0,431000.0,438000.0,316409,74.89711934156378,-881.1715493781958,-7914.677916407731
439500.0,449000.0,437500.0,449000.0,395489,76.171875,791.5755991365877,-6173.427213298867
425000.0,435500.0,423500.0,435000.0,289205,67.15867158671587,976.3025605184375,-4743.481258535407
411000.0,421500.0,410000.0,417000.0,382240,55.03597122302158,-325.9917296868516,-3859.9833527656956
431000.0,431500.0,404000.0,414000.0,386194,53.214285714285715,-1581.9090028711944,-3404.3684827867955
441000.0,441000.0,427500.0,434000.0,321259,55.2901023890785,-952.4207239943789,-2913.978931028312
435000.0,445000.0,431500.0,435500.0,307347,48.627450980392155,-328.71998442994663,-2396.9271417086393
433000.0,439500.0,432500.0,434000.0,115652,46.400000000000006,44.02241818525363,-1908.7372297298607
435500.0,441500.0,434000.0,438000.0,124432,47.450980392156865,654.643703217851,-1396.0610431403184
436500.0,438000.0,432000.0,437500.0,202657,50.20746887966806,1085.7043259275379,-899.7079693267472
437000.0,440000.0,434500.0,437500.0,234128,49.57983193277311,1411.0571861595963,-437.5549382294785
436500.0,437500.0,428500.0,434000.0,266806,55.660377358490564,1370.6805702598067,-75.90783653162151
433000.0,436000.0,428500.0,430000.0,254452,43.01675977653631,1004.3378589962958,140.14130257396195
423500.0,432000.0,414500.0,432000.0,520529,47.64705882352941,865.4159301260952,285.1962280843886
418000.0,427000.0,397000.0,399500.0,1478354,33.33333333333333,-1845.880919332034,-141.0192013988959
417500.0,421000.0,412500.0,420500.0,358325,38.64541832669323,-2273.866987490619,-567.5887586172405
417000.0,426000.0,414000.0,418000.0,332582,42.54385964912281,-2782.7008928856812,-1010.6111854709287
408500.0,414500.0,407000.0,412500.0,365546,47.78325123152709,-3588.3946832334623,-1526.1678850234355
407500.0,415000.0,406500.0,409500.0,254850,47.78325123152709,-4418.059109480528,-2104.546129914854
401500.0,410500.0,399500.0,409500.0,364195,34.96932515337423,-5017.7328438964905,-2687.1834727111814
401500.0,401500.0,390000.0,395000.0,350875,28.57142857142857,-6587.075708821882,-3467.1619199333218
393500.0,398500.0,382000.0,387500.0,407928,26.86567164179104,-8339.842047907878,-4441.6979455282335
391500.0,398000.0,391500.0,394000.0,239355,28.640776699029132,-9099.532575135876,-5373.264871449763
388000.0,395500.0,386000.0,390000.0,251570,27.699530516431935,-9910.121648318658,-6280.6362268235425
400500.0,401500.0,390500.0,390500.0,228636,28.037383177570092,-10392.376658381312,-7102.984313135097
400500.0,407500.0,397000.0,407000.0,200731,38.75,-9335.540821155359,-7549.49561473915
408500.0,411000.0,399000.0,400500.0,230327,37.95918367346939,-8919.666124512209,-7823.529716693763
410000.0,413000.0,407500.0,410000.0,233063,41.53846153846155,-7734.354996093665,-7805.694772573744
415500.0,417000.0,398500.0,398500.0,320709,49.54128440366973,-7634.93055079598,-7771.541928218191
434000.0,439000.0,418000.0,421000.0,881979,50.226244343891395,-5675.15435518336,-7352.264413611225
438000.0,444000.0,432500.0,438500.0,361437,58.16733067729084,-2679.0316451713443,-6417.617859923249
438500.0,444000.0,436500.0,438500.0,350284,60.833333333333336,-301.11178239644505,-5194.316644417889
426500.0,439000.0,422000.0,439000.0,365195,62.55319148936171,1605.2483583234134,-3834.4036438696285
430500.0,432500.0,424500.0,426500.0,162583,56.53846153846154,2083.3909374250215,-2650.8447276106986
430500.0,437000.0,427500.0,434500.0,214801,65.9919028340081,3072.438360511209,-1506.1881099863172
439500.0,440000.0,432000.0,434500.0,229834,70.25862068965517,3812.319522638456,-442.4865834613625
444000.0,444000.0,436000.0,441500.0,345830,70.38626609442059,4906.957817494404,627.4022967297907
440500.0,442000.0,438000.0,440500.0,153596,72.2466960352423,5628.88858619926,1627.6995546236847
437500.0,444000.0,437500.0,443500.0,154981,72.84482758620689,6369.673221666599,2576.0942880322677
432000.0,439500.0,432000.0,436500.0,180249,63.84976525821596,6319.066617298638,3324.688753885542
425500.0,434500.0,422500.0,432500.0,215828,65.38461538461539,5888.317094021244,3837.4144219126824
422500.0,426000.0,419000.0,426000.0,208712,57.92079207920792,4965.213426564296,4062.9742228430055
425000.0,426000.0,412500.0,418000.0,285077,60.0,3547.223790504737,3959.824136375352
415000.0,420500.0,413500.0,414000.0,267003,45.56962025316456,2076.7507276033284,3583.2094546209473
426500.0,432500.0,410500.0,411000.0,417106,28.68217054263566,661.6877782919328,2998.9051193551445
420000.0,427500.0,417000.0,426000.0,275832,42.13836477987421,742.0608205317985,2547.5362595904753
427000.0,439500.0,424500.0,424500.0,365836,40.993788819875775,676.9164995455649,2173.412307581493
425500.0,430000.0,417000.0,419500.0,1211937,45.2054794520548,219.30295461852802,1782.5904369889004
411500.0,427000.0,408500.0,426500.0,285056,44.444444444444436,416.6792034122045,1509.4081902735613
413000.0,416500.0,406000.0,414500.0,204026,38.095238095238095,-390.6947236401611,1129.387607490817
401000.0,416500.0,401000.0,415000.0,210875,32.903225806451616,-978.9142422864097,707.7272375353716
400000.0,404500.0,391000.0,401000.0,298719,28.176795580110493,-2545.423389461823,57.097112135932726
405000.0,405000.0,398000.0,399000.0,235758,25.139664804469277,-3903.281856457237,-734.9786815827014
412000.0,414500.0,403500.0,408500.0,206869,34.78260869565217,-4164.814480382949,-1420.945841342751
410500.0,415000.0,406500.0,412000.0,129697,38.79781420765027,-4043.0544053346384,-1945.3675541411285
391500.0,403500.0,391500.0,402000.0,327192,37.36842105263158,-4699.3044387830305,-2496.154931069509
371000.0,389000.0,370500.0,388500.0,459845,35.3233830845771,-6236.830197880336,-3244.2899844316744
356500.0,371500.0,356000.0,371000.0,434833,31.140350877192986,-8766.380804604676,-4348.708148466275
356000.0,361000.0,352000.0,356500.0,161015,28.286852589641427,-11805.015829193755,-5839.969684611771
361500.0,362500.0,356000.0,356500.0,219192,18.552036199095028,-14051.182690861053,-7482.212285861628
370500.0,374500.0,364000.0,367500.0,393886,26.25,-14773.379717057862,-8940.445772100875
373500.0,375000.0,367500.0,374500.0,223247,31.55737704918033,-14612.441435963497,-10074.8449048734
388000.0,392500.0,375000.0,375000.0,397140,27.705627705627705,-14279.940601078037,-10915.864044114329
395000.0,402000.0,380500.0,389000.0,345052,39.148936170212764,-12739.890766326396,-11280.669388556744
401000.0,403000.0,387500.0,393000.0,324262,40.909090909090914,-11069.026756007283,-11238.340862046853
400000.0,404000.0,392000.0,398500.0,223258,48.88888888888889,-9195.056072640407,-10829.683904165564
399500.0,404000.0,399000.0,400000.0,197883,50.44642857142857,-7502.400339829968,-10164.227191298445
400000.0,402000.0,394000.0,401500.0,146816,46.63461538461539,-5971.090003983292,-9325.599753835415
393000.0,400500.0,387000.0,400000.0,233929,44.11764705882353,-4822.956948787381,-8425.071192825808
383000.0,393500.0,382500.0,391500.0,205688,44.77611940298508,-4546.5227095451555,-7649.361496169678
384000.0,389500.0,383500.0,387000.0,181936,49.18032786885246,-4637.105311739491,-7046.910259283641
390500.0,390500.0,384500.0,385000.0,185937,59.21052631578947,-4814.774241529987,-6600.4830557329105
382000.0,392500.0,382000.0,391500.0,300672,75.73529411764706,-4380.585804852657,-6156.50360555686
391000.0,393500.0,371000.0,376000.0,653865,61.67664670658683,-5226.955709964735,-5970.594026438435
394000.0,409500.0,386500.0,388000.0,691524,62.1301775147929,-4873.2346303805825,-5751.122147226865
393500.0,397000.0,382500.0,383000.0,2624439,55.151515151515156,-4939.4276918986,-5588.783256161212
415500.0,419000.0,393500.0,396000.0,1654973,61.05263157894737,-3897.9615413284628,-5250.618913194663
422000.0,423000.0,411000.0,416000.0,721315,63.366336633663366,-1442.1352234591614,-4488.922175247563
419500.0,428000.0,416500.0,420000.0,370740,63.366336633663366,817.468133543327,-3427.6441134893853
417000.0,424000.0,413000.0,420000.0,282849,61.2565445026178,2578.4967678496614,-2226.415937221576
437000.0,437000.0,415500.0,416000.0,733137,58.163265306122454,3609.7471591968206,-1059.1833179378966
443000.0,446500.0,438500.0,444500.0,573214,67.2,6650.074421258527,482.6682299013882
446000.0,449000.0,440500.0,443500.0,409770,67.46987951807229,8876.540801264113,2161.4427441739335
447000.0,448500.0,440500.0,443000.0,256471,72.1030042918455,10479.880092706997,3825.1302138805463
457500.0,458500.0,444000.0,448000.0,593954,76.06837606837607,12015.489166142768,5463.20200433299
458000.0,459500.0,452500.0,455500.0,280484,78.77551020408163,13679.96363488998,7106.554330444389
472000.0,474000.0,461000.0,462000.0,641654,78.77551020408163,15346.660570405482,8754.575578436608
460500.0,473000.0,455500.0,469000.0,430857,90.78947368421052,17035.99109742866,10410.858682235019
460500.0,469500.0,458500.0,464500.0,327692,85.91549295774648,17806.42394797469,11889.971735382953
453500.0,461500.0,450000.0,461000.0,343740,87.14285714285714,17927.914939736133,13097.56037625359
452000.0,455000.0,445000.0,450000.0,255728,76.2135922330097,16941.300589238817,13866.308418850636
447000.0,455000.0,445500.0,452500.0,225884,71.34502923976608,16174.679082846502,14327.98255164981
442500.0,447500.0,438500.0,441500.0,207144,61.62162162162162,14512.22999284853,14364.832039889554
445000.0,449000.0,439500.0,441500.0,225611,61.62162162162162,13044.35985119373,14100.73760215039
451000.0,454000.0,441500.0,449500.0,242174,67.35751295336789,12383.842106578813,13757.358503036075
459000.0,459000.0,449000.0,452500.0,262145,55.63380281690141,11964.53228266025,13398.793258960912
465500.0,467000.0,460500.0,461000.0,316072,61.146496815286625,12177.72792166809,13154.580191502348
459500.0,465000.0,447500.0,451000.0,339935,54.54545454545455,11408.263218079752,12805.31679681783
465500.0,478000.0,463500.0,470500.0,422011,60.97560975609756,12230.953114492528,12690.44406035277
462500.0,466000.0,455000.0,462500.0,432953,53.39805825242718,12097.950006388652,12571.945249559947
463000.0,469000.0,455000.0,455500.0,289808,46.85990338164251,11297.472357516526,12317.050671151264
482000.0,487000.0,466500.0,467500.0,731539,49.30875576036866,11498.836337944143,12153.407804509841
483000.0,492000.0,480500.0,481500.0,323405,57.20338983050847,12642.368387134513,12251.199921034777
483500.0,486000.0,475000.0,483000.0,205898,59.48275862068965,13513.883600749366,12503.736656977695
488000.0,490500.0,481000.0,481500.0,276296,64.78873239436619,13923.032174370659,12787.595760456288
486500.0,494000.0,486000.0,492500.0,327964,67.3913043478261,14962.416017813317,13222.559811927695
497000.0,500000.0,485500.0,492000.0,437949,74.16267942583733,15566.35018554976,13691.317886652108
498500.0,500000.0,486500.0,487000.0,412616,70.77625570776254,15463.263277815597,14045.706964884806
511000.0,513000.0,497500.0,499500.0,447162,71.9298245614035,16203.42865462997,14477.25130283384
506000.0,516000.0,501000.0,512000.0,975540,74.08906882591093,17595.8268426797,15100.966410803012
477500.0,507000.0,475000.0,507000.0,524253,69.16666666666667,18087.354461890354,15698.24402102048
483500.0,491000.0,475500.0,484000.0,321658,62.40601503759399,16431.57291612221,15844.909800040828
479500.0,487500.0,476500.0,481500.0,251723,54.74137931034483,14747.623580650019,15625.452556162667
488500.0,492000.0,473500.0,475500.0,270673,55.70175438596491,12781.593490685744,15056.680743067283
460500.0,489500.0,460000.0,489000.0,434212,63.90041493775934,12172.520417458029,14479.848677945432
446500.0,458000.0,440000.0,453000.0,446277,44.982698961937714,8684.81336102658,13320.841614561663
444000.0,451000.0,435000.0,447500.0,365111,37.5,5414.560671673971,11739.585425984125
433500.0,451500.0,427000.0,444000.0,434645,35.8695652173913,2511.4902093986166,9893.966382667024
440000.0,448000.0,436500.0,440500.0,315304,35.35714285714286,-70.81844576756703,7901.009416980106
426500.0,438500.0,420000.0,433000.0,359392,28.205128205128204,-2691.4782930257497,5782.511874978935
444500.0,446000.0,415000.0,429500.0,385281,27.59856630824372,-4993.23198198271,3627.3631035866065
469000.0,470500.0,448500.0,455000.0,500217,40.0,-4705.509294048883,1960.7886240595087
478000.0,487000.0,466500.0,470000.0,355060,40.92307692307693,-3229.880301575933,922.6548389324204
482500.0,486000.0,474000.0,474500.0,278082,37.86407766990291,-1677.9786088797846,402.5281493699794
497500.0,497500.0,477500.0,482000.0,482189,42.038216560509554,155.31164732237812,353.08484896045917
483000.0,498000.0,475500.0,497500.0,372446,54.51505016722408,2826.347470303299,847.7373732290272
477000.0,492500.0,476500.0,484500.0,305035,50.9375,3849.793229387491,1448.1485444607201
483000.0,489500.0,479000.0,487000.0,234212,53.6741214057508,4807.196109246695,2119.9580574179154
491500.0,491500.0,477000.0,479500.0,234777,46.843853820598,4904.22462071199,2676.8113700767303
489000.0,499500.0,481500.0,497000.0,338046,66.66666666666666,6320.366906096868,3405.5224772807583
497500.0,500000.0,489500.0,491000.0,347663,66.41509433962264,6879.220640730695,4100.262109970746
495000.0,500000.0,484500.0,499000.0,301938,70.07299270072993,7876.849969680421,4855.579681912681
499000.0,499000.0,489000.0,491000.0,211677,67.84452296819788,7930.527079602005,5470.569161450546
509000.0,510000.0,500000.0,504000.0,346950,74.14965986394557,8919.24245541403,6160.3038202432435
511000.0,526000.0,509000.0,510000.0,473847,76.92307692307692,10070.865699079703,6942.416196010536
529000.0,530000.0,514000.0,517000.0,445935,73.66412213740458,11416.771480309719,7837.287252870373
540000.0,545000.0,532000.0,535000.0,370279,74.25373134328359,13777.047844745626,9025.239371245425
532000.0,549000.0,530000.0,540000.0,381489,74.34944237918216,15868.124223209743,10393.816341638289
528000.0,542000.0,516000.0,539000.0,627381,72.265625,17245.826522881514,11764.218377886935
563000.0,563000.0,533000.0,534000.0,516467,65.53191489361703,17729.828877064458,12957.34047772244
569000.0,585000.0,560000.0,564000.0,587884,79.5539033457249,20300.146061942098,14425.901594566372
589000.0,593000.0,557000.0,560000.0,423465,76.83823529411765,21763.49831719452,15893.420939092002
592000.0,598000.0,583000.0,590000.0,363743,84.85804416403785,25055.144690202025,17725.76568931401
587000.0,596000.0,581000.0,591000.0,260646,83.09859154929578,27428.313276573026,19666.27520676581
588000.0,590000.0,570000.0,590000.0,367102,86.13138686131387,28895.287943654926,21512.077754143636
599000.0,599000.0,581000.0,591000.0,304293,85.38461538461539,29795.10811936122,23168.683827187153
605000.0,610000.0,593000.0,595000.0,381672,91.26984126984127,30479.63836392481,24630.874734534686
624000.0,629000.0,613000.0,623000.0,447112,92.19858156028369,32902.22316107375,26285.1444198425
604000.0,628000.0,602000.0,618000.0,433612,88.57142857142857,34026.445174098364,27833.404570693674
596000.0,610000.0,586000.0,604000.0,380071,79.59183673469389,33402.67102277465,28947.257861109872
600000.0,603000.0,585000.0,599000.0,246738,73.88059701492537,32134.441462361254,29584.69458136015
597000.0,606000.0,593000.0,596000.0,157723,71.21212121212122,30535.293613463524,29774.814387780825
598000.0,613000.0,597000.0,600000.0,237076,72.5925925925926,29253.50776474329,29670.55306317332
573000.0,600000.0,571000.0,600000.0,375953,75.38461538461539,27915.886284808745,29319.619707500406
571000.0,578000.0,558000.0,569000.0,323986,51.90839694656488,24076.82801665715,28271.061369331757
561000.0,576000.0,557000.0,574000.0,313170,55.30303030303031,21193.499424610636,26855.548980387535
568000.0,574000.0,565000.0,568000.0,202426,39.81481481481481,18214.32745734218,25127.304675778465
571000.0,577000.0,566000.0,568000.0,189536,39.25233644859813,15672.647682902869,23236.373277203347
562000.0,584000.0,554000.0,573000.0,327688,42.34234234234234,13901.557857539854,21369.41019327065
567000.0,568000.0,558000.0,562000.0,276910,38.01652892561983,11478.036679747864,19391.135490566096
587000.0,587000.0,556000.0,563000.0,1549820,36.44067796610169,9528.234769172966,17418.55534628747
585000.0,591000.0,579000.0,589000.0,360664,35.34482758620689,9966.102391723427,15928.064755374662
584000.0,590000.0,578000.0,585000.0,239024,35.65217391304347,9876.498934841598,14717.75159126805
562000.0,582000.0,562000.0,582000.0,370292,39.42307692307692,9454.427862528595,13665.08684552016
559000.0,568000.0,553000.0,555000.0,249853,32.539682539682545,6862.156476955395,12304.500771807208
563000.0,565000.0,553000.0,558000.0,209953,34.920634920634924,4992.289648065227,10842.058547058812
531000.0,567000.0,525000.0,564000.0,928841,35.9375,3949.0345582159935,9463.45374929025
515000.0,534000.0,507000.0,533000.0,621086,28.93081761006289,613.7317435682053,7693.509348145841
502000.0,514000.0,501000.0,506000.0,410188,29.67741935483872,-4160.2374900568975,5322.759980505293
496500.0,506000.0,489000.0,506000.0,409056,27.33333333333333,-7853.116661813925,2687.5846520414498
498500.0,502000.0,488000.0,492500.0,321107,26.03174603174604,-11733.82693413843,-196.6976651945262
486000.0,502000.0,483000.0,499000.0,324362,28.963414634146346,-14122.032111211563,-2981.764554397934
485500.0,489500.0,476500.0,476500.0,312213,23.415977961432503,-17627.069989417447,-5910.825641401837
482000.0,483000.0,473000.0,482500.0,333848,27.478753541076486,-19693.671518046933,-8667.394816730857
487500.0,497500.0,477000.0,478500.0,328234,26.46239554317549,-21407.462783861614,-11215.40841015701
477000.0,493000.0,475000.0,489500.0,244350,19.75683890577507,-21628.724171222188,-13298.071562370045
471500.0,481000.0,466500.0,479500.0,340815,19.06158357771261,-22353.316720621893,-15109.120594020415
455500.0,465500.0,455000.0,464000.0,287228,17.759562841530055,-23902.746020343853,-16867.845679285103
457500.0,459500.0,454000.0,454000.0,149013,19.57831325301204,-25642.011186560907,-18622.678780740265
457000.0,460000.0,449500.0,457500.0,231365,19.819819819819813,-26433.264394433936,-20184.795903479
436500.0,450500.0,432500.0,450500.0,446129,16.11940298507463,-27310.36289753177,-21609.909302289554
435500.0,442500.0,432500.0,435500.0,265226,17.82178217821783,-28882.90032420354,-23064.50750667235
446000.0,455000.0,441500.0,442000.0,250046,25.572519083969453,-29267.276936847193,-24305.06139270732
440500.0,449500.0,435000.0,446000.0,218710,27.77777777777777,-28915.808163997077,-25227.210746965273
443000.0,445000.0,421000.0,433000.0,291720,27.88104089219331,-29347.95304949634,-26051.359207471487
433500.0,450000.0,433000.0,447000.0,291874,31.69014084507043,-28235.269378027122,-26488.141241582616
444000.0,444000.0,423000.0,429500.0,294525,32.846715328467155,-28437.750611172,-26878.063115500496
464000.0,465000.0,448500.0,449500.0,395601,39.0728476821192,-26676.871228465927,-26837.824738093583
473500.0,484000.0,467000.0,473500.0,608987,48.538011695906434,-23078.725031434442,-26086.004796761757
474500.0,478500.0,469000.0,474000.0,254291,45.17133956386292,-19956.773167305102,-24860.15847087043
478000.0,482000.0,472000.0,481000.0,287924,50.476190476190474,-16724.967311735905,-23233.120239043525
478000.0,482000.0,475500.0,479500.0,181006,55.400696864111495,-14121.985888577881,-21410.893368950397
480500.0,480500.0,475500.0,478500.0,138434,59.10780669144981,-12001.450746347778,-19529.004844429874
458000.0,479000.0,454500.0,478500.0,390507,58.01526717557252,-10203.294144927058,-17663.86270452931
458000.0,467000.0,454500.0,464000.0,282241,54.87364620938629,-9834.900293159531,-16098.070222255355
456000.0,463000.0,448000.0,458000.0,271694,58.68725868725869,-9912.826474331261,-14861.021472670538
469500.0,471500.0,450500.0,456500.0,266206,55.82329317269076,-9980.571186368063,-13884.931415410043
483000.0,484000.0,470000.0,470000.0,1671,58.95522388059702,-8842.985747805797,-12876.542281889195
517000.0,520000.0,476500.0,485500.0,2155,69.23076923076923,-6614.4731022336055,-11624.128445958078
506000.0,526000.0,504000.0,525000.0,3193,74.07407407407408,-1642.1116494094022,-9627.725086648343
509000.0,515000.0,490000.0,498500.0,6763,70.17543859649123,158.3665446768864,-7670.506760383298
521000.0,528000.0,501000.0,504000.0,2937,67.41214057507987,2005.939300218306,-5735.217548262977
522000.0,531000.0,518000.0,527000.0,2642,67.20257234726688,5265.365940027405,-3535.100850604901
534000.0,534000.0,522000.0,529000.0,3085,67.51592356687898,7918.587769621168,-1244.3631265596873
533000.0,541000.0,530000.0,533000.0,1804,66.88311688311688,10226.170823922555,1049.7436635367612
525000.0,533000.0,521000.0,530000.0,2328,66.2379421221865,11678.252466763544,3175.445424182118
543000.0,544000.0,520000.0,520000.0,2115,62.61398176291793,11885.116973641678,4917.37973407403
546000.0,549000.0,542000.0,545000.0,1489,67.54617414248021,13906.049371068773,6715.113661472979
550000.0,550000.0,540000.0,544000.0,6355,72.72727272727273,15251.155387616309,8422.322006701646
540000.0,548000.0,535000.0,547000.0,2024,75.72254335260115,16370.527276505483,10011.963060662414
522000.0,537000.0,522000.0,536000.0,3391,71.78082191780823,16183.476451259048,11246.265738781742
525000.0,532000.0,520000.0,526000.0,2197,65.64245810055866,15054.778779612854,12007.968346947964
527000.0,543000.0,526000.0,531000.0,2439,63.50148367952522,14397.767455336114,12485.928168625594
549000.0,549000.0,531000.0,534000.0,4999,53.409090909090914,13958.25411061407,12780.393357023291
533000.0,548000.0,529000.0,540000.0,2755,68.60986547085201,13933.470104229345,13011.008706464503
516000.0,534000.0,511000.0,534000.0,3243,63.392857142857146,13276.633972683223,13064.133759708247
520000.0,522000.0,511000.0,517000.0,1865,45.283018867924525,11254.5927417262,12702.225556111838
508000.0,516000.0,504000.0,507000.0,3147,40.35087719298246,8744.394139218784,11910.659272733228
507000.0,515000.0,504000.0,511000.0,8959,40.35087719298246,6997.151426266064,10927.957703439795
511000.0,522000.0,507000.0,508000.0,936,40.35087719298246,5309.17321610346,9804.200805972529
508000.0,512000.0,499000.0,507000.0,256666,43.80952380952381,3846.40768716007,8612.642182210036
523000.0,532000.0,515000.0,516000.0,419180,33.70786516853933,3374.4813304419513,7565.01001185642
535000.0,542000.0,516000.0,520000.0,506812,36.95652173913044,3285.3711497602635,6709.082239437189
538000.0,542000.0,533000.0,539000.0,288004,46.2962962962963,4693.784869741765,6306.0227654981045
547000.0,547000.0,533000.0,545000.0,418951,54.36893203883495,6222.384965228848,6289.295205444254
566000.0,570000.0,543000.0,548000.0,834010,61.458333333333336,7588.41199200385,6549.118562756174
562000.0,569000.0,551000.0,559000.0,374233,63.72549019607843,9449.676335009804,7129.2301172069
549000.0,569000.0,545000.0,564000.0,411910,64.42307692307692,11199.10365405993,7943.204824577507
551000.0,553000.0,534000.0,537000.0,270554,48.8,10288.266326773795,8412.217125016765
563000.0,565000.0,549000.0,554000.0,365145,57.352941176470594,10813.527493979433,8892.479198809298
548000.0,561000.0,545000.0,560000.0,306944,67.2,11580.458294565324,9430.075017960504
565000.0,573000.0,549000.0,551000.0,455274,67.74193548387096,11331.41025178146,9810.342064724695
576000.0,578000.0,558000.0,561000.0,499942,69.23076923076923,11804.875058696955,10209.248663519147
553000.0,579000.0,550000.0,579000.0,461982,74.48275862068965,13477.192214443348,10862.837373703987
544000.0,551000.0,537000.0,546000.0,229510,61.016949152542374,12001.347339721047,11090.5393669074
546000.0,559000.0,545000.0,549000.0,186781,59.64912280701754,10947.607368474593,11061.95296722084
573000.0,577000.0,555000.0,557000.0,534061,60.57142857142858,10635.445198768866,10976.651413530444
575000.0,580000.0,566000.0,568000.0,457612,58.68263473053892,11147.164921093266,11010.75411504301
569000.0,578000.0,556000.0,577000.0,317648,59.411764705882355,12139.00043093611,11236.40337822163
574000.0,594000.0,572000.0,588000.0,553025,61.235955056179776,13655.236224335153,11720.169947444336
577000.0,579000.0,566000.0,578000.0,264318,55.367231638418076,13889.8342251539,12154.102802986248
583000.0,585000.0,577000.0,578000.0,368772,54.06976744186046,13915.3473685286,12506.35171609472
588000.0,590000.0,576000.0,587000.0,334990,66.23376623376623,14494.705559280585,12904.022484731893
584000.0,590000.0,571000.0,582000.0,298469,59.859154929577464,14384.576443097321,13200.13327640498
586000.0,590000.0,577000.0,588000.0,330892,59.859154929577464,14612.998629072215,13482.706346938428
575000.0,598000.0,572000.0,586000.0,444861,62.96296296296296,14465.887821741286,13679.342641899
588000.0,589000.0,574000.0,575000.0,235578,55.147058823529406,13308.283766746987,13605.130866868598
580000.0,590000.0,578000.0,587000.0,278416,53.07692307692308,13206.932626603288,13525.491218815536
580000.0,590000.0,579000.0,581000.0,366225,66.99029126213591,12498.387629321543,13320.070500916738
596000.0,598000.0,584000.0,587000.0,597900,67.9245283018868,12279.460493225371,13111.948499378464
610000.0,613000.0,596000.0,600000.0,811886,69.36936936936937,13005.03654906759,13090.56610931629
590000.0,610000.0,588000.0,608000.0,541299,68.51851851851852,14063.478911347804,13285.148669722594
599000.0,599000.0,575000.0,581000.0,386450,51.58730158730159,12578.629150611814,13143.844765900438
594000.0,604000.0,586000.0,603000.0,339843,55.47445255474452,13026.924874814576,13120.460787683267
591000.0,593000.0,584000.0,588000.0,276643,53.52112676056338,12033.117537653656,12902.992137677345
592000.0,598000.0,586000.0,593000.0,247157,55.10204081632653,11516.224409819231,12625.638592105723
582000.0,593000.0,581000.0,593000.0,300756,52.17391304347826,10980.012136902544,12296.513301065088
580000.0,586000.0,575000.0,582000.0,247483,50.0,9557.28158533643,11748.666957919357
572000.0,578000.0,563000.0,577000.0,267430,46.15384615384615,7934.831363051431,10985.899838945772
566000.0,575000.0,563000.0,566000.0,189996,43.421052631578945,5695.76259786461,9927.87239072954
551000.0,575000.0,548000.0,570000.0,328253,48.275862068965516,4195.685786417802,8781.435069867193
567000.0,572000.0,550000.0,551000.0,296105,38.15789473684211,1456.9283325901488,7316.533722411785
587000.0,588000.0,567000.0,573000.0,463287,47.61904761904762,1049.5607738067629,6063.139132690781
581000.0,591000.0,573000.0,590000.0,316880,50.837988826815646,2074.5627061125124,5265.4238473751275
591000.0,592000.0,579000.0,580000.0,273527,44.31818181818182,2056.2643601285527,4623.5919499258125
567000.0,587000.0,566000.0,587000.0,243943,43.99999999999999,2576.899395495886,4214.253439039828
564000.0,571000.0,560000.0,563000.0,244181,44.76744186046512,1040.9080483278958,3579.5843608974415
558000.0,572000.0,558000.0,565000.0,202092,37.5,-14.822016243473627,2860.7030854692584
563000.0,567000.0,550000.0,558000.0,169554,39.583333333333336,-1400.1966022609267,2008.5231479232216
566000.0,570000.0,559000.0,561000.0,144538,38.732394366197184,-2230.3311456962256,1160.7522891993322
553000.0,572000.0,550000.0,568000.0,290645,41.61073825503355,-2296.9000199466245,469.2218273701409
547000.0,549000.0,542000.0,547000.0,184132,38.9937106918239,-3998.093297266052,-424.2411975570978
545000.0,546000.0,530000.0,542000.0,211398,38.9937106918239,-5684.235115139978,-1476.2399810736738
540000.0,552000.0,538000.0,549000.0,178059,44.516129032258064,-6382.104230395751,-2457.4128309380894
560000.0,560000.0,534000.0,538000.0,185024,40.123456790123456,-7733.63012718712,-3512.6562901878956
562000.0,564000.0,555000.0,563000.0,144616,53.57142857142857,-6710.0834066995885,-4152.141713490234
552000.0,561000.0,552000.0,560000.0,156070,45.63758389261746,-6071.007390286773,-4535.914848849542
560000.0,562000.0,547000.0,553000.0,154752,36.69064748201439,-6059.526096626767,-4840.637098404987
574000.0,579000.0,563000.0,564000.0,243135,44.28571428571428,-5103.983475136687,-4893.306373751328
585000.0,585000.0,572000.0,574000.0,257248,45.45454545454546,-3499.453119551763,-4614.535722911415
583000.0,591000.0,576000.0,579000.0,199907,56.45161290322581,-1803.6022356085014,-4052.349025450833
578000.0,583000.0,575000.0,580000.0,113909,56.09756097560975,-374.61818425008096,-3316.8028572106828
580000.0,586000.0,575000.0,583000.0,175179,60.50420168067227,988.5416073753731,-2455.7339642934717
599000.0,604000.0,581000.0,581000.0,610868,58.47457627118644,1885.7347021546448,-1587.4402310038486
584000.0,597000.0,584000.0,595000.0,204800,60.8,3683.9830276693683,-533.1555792692052
588000.0,591000.0,586000.0,588000.0,155137,68.46846846846847,4492.479772415478,471.97149106773145
594000.0,595000.0,587000.0,590000.0,198113,72.22222222222223,5234.265201804461,1424.4302332150774
604000.0,605000.0,597000.0,597000.0,498286,72.22222222222223,6314.190934780869,2402.382373528236
591000.0,602000.0,588000.0,601000.0,286608,81.1881188118812,7407.418321759324,3403.3895631744535
609000.0,610000.0,597000.0,597000.0,449434,71.25,7860.432162591256,4294.798083057814
612000.0,614000.0,603000.0,614000.0,231274,78.72340425531914,9481.90531808522,5332.219530063296
607000.0,613000.0,604000.0,612000.0,194004,83.14606741573034,10484.690208365908,6362.713665723818
589000.0,614000.0,588000.0,610000.0,300834,78.75,10991.320077294018,7288.434948037859
585000.0,600000.0,581000.0,594000.0,340106,61.627906976744185,9986.641825573286,7828.076323544945
588000.0,592000.0,582000.0,591000.0,271773,57.14285714285714,8846.376621796982,8031.736383195353
561000.0,580000.0,558000.0,579000.0,900555,49.473684210526315,6894.928081837716,7804.374722923825
561000.0,568000.0,555000.0,561000.0,337706,39.99999999999999,3851.543293187744,7013.808436976609
558000.0,565000.0,556000.0,563000.0,267829,41.81818181818182,1582.7769397647353,5927.602137534235
569000.0,575000.0,556000.0,556000.0,319585,31.067961165048544,-771.1884589543333,4587.844018236522
563000.0,574000.0,561000.0,570000.0,176724,41.81818181818182,-1489.8657547148177,3372.3020636462543
564000.0,567000.0,559000.0,562000.0,136695,37.93103448275862,-2674.1301231344696,2163.0156262901096
561000.0,562000.0,556000.0,561000.0,214674,33.636363636363626,-3651.2702394388616,1000.1584531443154
547000.0,566000.0,545000.0,561000.0,300378,31.132075471698116,-4375.225940367556,-74.91842555805893
550000.0,561000.0,547000.0,548000.0,230986,28.695652173913032,-5929.604612714844,-1245.855662989416
553000.0,556000.0,548000.0,551000.0,173743,18.811881188118804,-6840.532579793711,-2364.7910463502753
573000.0,576000.0,556000.0,557000.0,290579,23.80952380952381,-6997.635316624073,-3291.359900405035
569000.0,574000.0,564000.0,573000.0,252640,34.45378151260503,-5764.623098281911,-3786.0125399804106
567000.0,571000.0,564000.0,569000.0,159456,38.31775700934579,-5051.9824930476025,-4039.206530593849
565000.0,572000.0,562000.0,569000.0,200896,39.42307692307692,-4436.073386461823,-4118.579901767444
562000.0,574000.0,556000.0,570000.0,287258,45.16129032258065,-3823.1978939918336,-4059.5035002123227
550000.0,564000.0,550000.0,564000.0,302475,51.85185185185185,-3778.0880592191825,-4003.220412013695
550000.0,557000.0,547000.0,553000.0,257343,44.44444444444444,-4577.183338993113,-4118.012997409579
534000.0,539000.0,530000.0,538000.0,1969703,40.816326530612244,-6347.674702474149,-4563.9453384224935
542000.0,544000.0,534000.0,535000.0,503736,29.885057471264375,-7901.789876683266,-5231.514246074648
542000.0,546000.0,538000.0,544000.0,324259,39.77272727272727,-8311.403874976095,-5847.492171854938
538000.0,542000.0,533000.0,541000.0,248574,38.888888888888886,-8776.925909251324,-6433.378919334215
549000.0,553000.0,534000.0,539000.0,557507,38.04347826086957,-9201.173361640773,-6986.937807795527
560000.0,564000.0,546000.0,550000.0,494088,51.11111111111112,-8551.211412810371,-7299.792528798496
556000.0,563000.0,551000.0,560000.0,319843,54.63917525773196,-7146.811465290142,-7269.196316096826
569000.0,574000.0,543000.0,549000.0,508472,46.07843137254902,-6842.545848682756,-7183.866222614012
597000.0,602000.0,568000.0,573000.0,1074661,50.0,-4611.653461327194,-6669.423670356649
594000.0,610000.0,585000.0,607000.0,756355,63.57142857142857,-98.99813264317345,-5355.338562813955
580000.0,620000.0,560000.0,595000.0,1706916,58.55263157894736,2480.4212631364353,-3788.186597623877
540000.0,577000.0,535000.0,577000.0,1180424,52.07100591715976,3037.169550278457,-2423.1153680434104
542000.0,552000.0,540000.0,540000.0,561173,43.99999999999999,487.18978037231136,-1841.0543383602662
560000.0,562000.0,545000.0,545000.0,378890,47.93814432989691,-1117.34923913097,-1696.313318514407
557000.0,568000.0,550000.0,562000.0,406755,56.12244897959183,-1005.608023766079,-1558.1722595647416
544000.0,559000.0,543000.0,551000.0,273058,53.921568627450974,-1784.094444505521,-1603.3566965528976
543000.0,551000.0,539000.0,541000.0,299858,49.268292682926834,-3171.408940019319,-1916.9671452461819
540000.0,548000.0,540000.0,545000.0,164545,50.970873786407765,-3903.106519809109,-2314.1950201587674
514000.0,542000.0,513000.0,540000.0,549808,50.239234449760765,-4830.754406883032,-2817.5068975036206
525000.0,535000.0,517000.0,517000.0,328379,42.53393665158371,-7337.250564483693,-3721.4556308996353
553000.0,553000.0,528000.0,530000.0,485515,43.30357142857143,-8180.377177253482,-4613.239940170405
556000.0,560000.0,543000.0,549000.0,344272,50.0,-7232.0532735574525,-5137.002606847815
547000.0,559000.0,543000.0,559000.0,228274,46.78899082568807,-5608.927100877627,-5231.387505653777
542000.0,551000.0,536000.0,545000.0,238615,34.34343434343434,-5390.136770705343,-5263.13735866409
526000.0,540000.0,524000.0,533000.0,289809,34.34343434343434,-6114.558742556721,-5433.421635442617
540000.0,543000.0,522000.0,522000.0,306424,35.60209424083769,-7489.937110901112,-5844.724730534316
529000.0,538000.0,525000.0,534000.0,205838,48.192771084337345,-7524.892389679095,-6180.7582623632725
526000.0,534000.0,522000.0,530000.0,251626,45.45454545454545,-7785.6135637681,-6501.729322644238
539000.0,542000.0,531000.0,531000.0,195045,39.597315436241615,-7821.385269236518,-6765.660511962695
525000.0,538000.0,525000.0,535000.0,191350,44.366197183098585,-7441.190619455418,-6900.766533461239
535000.0,537000.0,523000.0,532000.0,191114,46.666666666666664,-7297.833664561971,-6980.179959681386
546000.0,549000.0,525000.0,527000.0,249493,43.38235294117648,-7501.211165262968,-7084.386200797703
553000.0,553000.0,542000.0,550000.0,246291,53.246753246753244,-5740.310789284995,-6815.5711184951615
552000.0,555000.0,546000.0,554000.0,225090,63.70370370370371,-3976.183021333185,-6247.693499062767
553000.0,558000.0,550000.0,557000.0,224096,60.8,-2309.4027698456775,-5460.035353219349
544000.0,554000.0,543000.0,554000.0,1211809,52.29357798165138,-1216.5190654627513,-4611.33209566803
522000.0,544000.0,520000.0,544000.0,496771,43.11926605504588,-1144.1284815106774,-3917.8913728365596
530000.0,531000.0,520000.0,522000.0,218035,40.17094017094017,-2829.359465804533,-3700.1849914301547
536000.0,537000.0,528000.0,528000.0,156600,47.747747747747745,-3638.8212402136996,-3687.912241186864
527000.0,540000.0,526000.0,537000.0,189937,56.88073394495412,-3513.598171842401,-3653.0494273179715
517000.0,529000.0,514000.0,523000.0,308430,45.04504504504504,-4492.25704224268,-3820.8909503029136
509000.0,521000.0,505000.0,520000.0,287513,45.45454545454546,-5447.134994354099,-4146.139759113151
508000.0,512000.0,505000.0,512000.0,159612,41.88034188034188,-6771.359771713731,-4671.183761633267
499500.0,516000.0,499500.0,513000.0,300881,40.35087719298246,-7651.919243756565,-5267.330858057927
494500.0,502000.0,490000.0,491000.0,271068,34.58646616541354,-10009.60066209489,-6215.78481886532
508000.0,511000.0,495000.0,496500.0,294550,38.576779026217224,-11303.970996552613,-7233.4220544027785
514000.0,521000.0,504000.0,506000.0,515495,31.66666666666667,-11431.423868318088,-8073.022417185841
507000.0,514000.0,505000.0,513000.0,164941,33.33333333333333,-10842.602911800146,-8626.938516108703
496500.0,511000.0,496000.0,508000.0,209840,30.39999999999999,-10656.573924080469,-9032.865597703056
499500.0,502000.0,494000.0,495000.0,153389,28.148148148148138,-11426.41931633337,-9511.57634142912
487000.0,497500.0,486000.0,497000.0,292854,31.496062992125985,-11739.814773895196,-9957.224027922335
491000.0,495000.0,478500.0,479000.0,249462,32.52032520325203,-13287.46289849322,-10623.271802036514
476000.0,491500.0,461500.0,491500.0,410299,35.907335907335906,-13351.43264969124,-11168.903971567459
475500.0,479000.0,468500.0,471500.0,252369,26.690391459074732,-14844.83991744247,-11904.091160742462
476500.0,476500.0,466500.0,469500.0,256074,29.182879377431902,-16005.260541265307,-12724.32503684703
456000.0,471500.0,455500.0,467000.0,423482,29.296875,-16931.456066582177,-13565.75124279406
467500.0,477000.0,463000.0,468500.0,370971,32.09876543209876,-17344.49864548759,-14321.500723332767
464000.0,476500.0,462500.0,468000.0,205780,31.40495867768594,-17510.335439268325,-14959.26766651988
458500.0,473000.0,458000.0,467500.0,344073,38.190954773869336,-17480.602608877,-15463.534654991305
492000.0,496500.0,464500.0,464500.0,670584,33.50515463917526,-17497.41474906751,-15870.310673806547
493500.0,501000.0,490000.0,494000.0,477829,44.871794871794876,-14957.909562617773,-15687.830451568792
484000.0,490000.0,480000.0,490000.0,300483,39.91228070175438,-13116.896558275446,-15173.643672910124
474000.0,481500.0,471500.0,479500.0,255899,38.07531380753138,-12362.633987257606,-14611.441735779621
475000.0,482500.0,474000.0,479500.0,189464,42.72300469483568,-11630.80281067948,-14015.313950759593
465000.0,472500.0,462000.0,471500.0,317384,38.66666666666667,-11563.062683039287,-13524.863697215533
452500.0,457000.0,450000.0,455500.0,358437,39.366515837104075,-12654.570415708236,-13350.805040914074
436500.0,446000.0,435500.0,445500.0,363181,28.70370370370371,-14163.249460782623,-13513.293924887785
436500.0,442500.0,430500.0,438000.0,296136,32.46073298429319,-15782.149003666767,-13967.064940643582
448500.0,449000.0,423000.0,439500.0,393138,34.21052631578948,-16751.005921839038,-14523.853136882673
409500.0,449500.0,409000.0,449000.0,1005968,41.1764705882353,-16561.352442665317,-14931.352998039203
399500.0,407000.0,395000.0,398000.0,534523,26.73267326732673,-20292.40624168684,-16003.56364676873
400000.0,411000.0,396500.0,399500.0,500087,27.540983606557376,-22864.685927624698,-17375.788102939925
405000.0,413000.0,397000.0,397000.0,342974,27.18446601941747,-24818.868747916422,-18864.404231935227
385500.0,404500.0,382500.0,404500.0,719190,31.132075471698116,-25468.796954721445,-20185.282776492473
377500.0,391500.0,375500.0,389500.0,348415,13.840830449826996,-26884.338461993495,-21525.09391359268
391500.0,394000.0,380000.0,383500.0,485126,13.651877133105799,-28165.639204591338,-22853.202971792412
402000.0,404500.0,396500.0,402500.0,442376,25.161290322580655,-27332.861846745363,-23749.134746783002
493500.0,500000.0,435000.0,451500.0,1894906,43.13725490196077,-22460.083439923008,-23491.324485411005
443000.0,488500.0,440500.0,488500.0,825182,53.648068669527895,-15434.85724153032,-21880.03103663487
437500.0,459500.0,437500.0,446000.0,367858,48.16955684007707,-13145.180222943134,-20133.060873896524
429000.0,447000.0,426500.0,439000.0,348224,48.732943469785575,-11759.8756616803,-18458.42383145328
411000.0,422000.0,411000.0,418500.0,290145,46.3821892393321,-12175.83504346374,-17201.906073855374
415500.0,425000.0,408000.0,413000.0,258047,45.155393053016454,-12801.719629835803,-16321.868785051462
437000.0,444000.0,420500.0,424500.0,318068,45.5535390199637,-12228.817586340068,-15503.258545309183
451500.0,460000.0,446000.0,460000.0,354065,61.92307692307693,-8808.694132474833,-14164.345662742315
442500.0,449500.0,439000.0,447500.0,186484,58.85608856088561,-7025.877248307166,-12736.651979855285
432000.0,437000.0,428000.0,436000.0,223340,56.96428571428571,-6466.395333380322,-11482.600650560293
444000.0,445500.0,431500.0,432000.0,250872,54.97287522603978,-6273.452005920466,-10440.770921632327
447000.0,452000.0,444000.0,450000.0,158805,60.82289803220036,-4614.89581482322,-9275.595900270506
442000.0,446000.0,437000.0,443000.0,136059,60.6060606060606,-3821.2703566720593,-8184.730791550817
448500.0,450500.0,440500.0,440500.0,142291,57.196969696969695,-3355.3669879590743,-7218.858030832469
442500.0,452500.0,442500.0,449500.0,134085,49.55357142857143,-2234.156462751387,-6221.917717216253
434500.0,447500.0,432500.0,446000.0,154442,38.84514435695538,-1609.4569747652858,-5299.425568726059
435000.0,440500.0,434000.0,436500.0,140561,46.98412698412698,-1859.5134217873565,-4611.443139338319
447000.0,447500.0,434000.0,440000.0,203907,50.324675324675326,-1755.033277183189,-4040.1611669072936
454500.0,454500.0,440500.0,444000.0,289478,59.27272727272727,-1334.086915716296,-3498.9463166690944
428500.0,448000.0,428500.0,444000.0,498100,61.742424242424235,-989.0823656699504,-2996.973526469266
430000.0,436000.0,428000.0,429500.0,238728,51.85185185185185,-1864.2032183040865,-2770.41946483623
430000.0,434500.0,423000.0,425000.0,156615,33.17307692307692,-2887.569091811718,-2793.8493902313276
424500.0,435000.0,424500.0,430500.0,178434,41.23711340206185,-3217.6982623169897,-2878.61916464846
426500.0,429500.0,420000.0,428000.0,166343,45.45454545454546,-3639.1077461907407,-3030.716880956916
430500.0,436000.0,427500.0,431500.0,156894,49.714285714285715,-3648.5982791836723,-3154.2931606022676
428500.0,434000.0,427000.0,434000.0,139380,38.888888888888886,-3415.0242149566184,-3206.4393714731377
424500.0,430500.0,424000.0,427000.0,174436,38.888888888888886,-3751.5114955200115,-3315.4537962825125
410000.0,424500.0,409500.0,423000.0,260657,38.095238095238095,-4291.477182622184,-3510.658473550447
422500.0,422500.0,415000.0,419500.0,330547,27.941176470588232,-4944.82377869793,-3797.491534579944
422000.0,431000.0,422000.0,426500.0,341008,36.36363636363636,-4841.949188401748,-4006.383065344305
422000.0,430000.0,422000.0,429500.0,207795,44.61538461538461,-4466.854290723568,-4098.477310420158
426000.0,428000.0,419000.0,422000.0,195288,36.95652173913044,-4720.362797776586,-4222.854407891444
432500.0,434000.0,428000.0,429000.0,243818,39.583333333333336,-4306.782707316335,-4239.640067776422
423000.0,430000.0,421000.0,428500.0,198534,39.31034482758621,-3973.5586169863236,-4186.423777618403
419500.0,425500.0,419000.0,425500.0,181449,46.721311475409834,-3906.519131776411,-4130.442848450005
415500.0,423500.0,415000.0,423500.0,150973,48.71794871794872,-3969.020741577435,-4098.158427075491
421000.0,422000.0,417000.0,417000.0,130675,38.65546218487395,-4491.276752201316,-4176.782092100656
427500.0,427500.0,421000.0,421500.0,190673,44.71544715447155,-4490.294689274626,-4239.48461153545
429500.0,429500.0,422000.0,425000.0,152929,44.71544715447155,-4159.151538101083,-4223.417996848577
416000.0,426000.0,416000.0,425500.0,196510,42.857142857142854,-3812.425120080705,-4141.219421495002
419000.0,419000.0,410000.0,414000.0,131106,39.84375000000001,-4414.705845334509,-4195.916706262904
416000.0,420500.0,414500.0,416500.0,138131,44.800000000000004,-4636.837970871478,-4284.100959184619
415000.0,419500.0,414500.0,419500.0,112716,50.0,-4518.71541428793,-4331.023850205281
417500.0,419500.0,415000.0,419500.0,141094,43.63636363636363,-4374.673919365916,-4339.753864037408
410500.0,417500.0,405500.0,417500.0,195832,38.888888888888886,-4371.511221984052,-4346.105335626737
415500.0,420000.0,409500.0,409500.0,234974,38.53211009174312,-4957.39217164804,-4468.3627028309975
413000.0,415500.0,409000.0,415000.0,151154,36.79245283018869,-4921.174771280552,-4558.925116520909
399500.0,409500.0,403000.0,409000.0,38535,33.33333333333333,-5315.350030009402,-4710.210099218608
400500.0,404000.0,394500.0,396500.0,246497,28.67647058823529,-6560.754007303913,-5080.318880835669
390000.0,400500.0,387000.0,400000.0,263868,33.093525179856115,-7182.529157522658,-5500.760936173067
390500.0,399000.0,387000.0,390000.0,190739,31.506849315068493,-8385.543544075568,-6077.717457753568
383500.0,397000.0,378500.0,390500.0,263399,27.53623188405797,-9192.628393436666,-6700.699644890188
372000.0,387000.0,371500.0,383500.0,214410,21.379310344827587,-10278.605088594952,-7416.280733631142
373500.0,379000.0,370500.0,370500.0,170955,17.647058823529406,-12049.343466982828,-8342.89328030148
380500.0,385000.0,370500.0,372500.0,218985,22.516556291390714,-13139.815490312583,-9302.277722303701
368000.0,375500.0,363000.0,375000.0,317036,22.516556291390714,-13645.002226649958,-10170.822623172953
381000.0,392000.0,362000.0,364000.0,331129,16.76646706586827,-14762.798077322834,-11089.217714002929
377500.0,387000.0,377500.0,385000.0,216167,33.49282296650718,-13795.113366854901,-11630.396844573324
375000.0,387500.0,373000.0,382500.0,222999,33.33333333333333,-13079.176760455768,-11920.152827749815
381000.0,387500.0,377000.0,379000.0,212973,34.82587064676616,-12648.409598627884,-12065.804181925429
381500.0,383000.0,373000.0,378000.0,232165,30.729166666666657,-12246.544618863845,-12101.952269313113
387500.0,392500.0,381500.0,384500.0,261741,37.30569948186528,-11273.612858434848,-11936.28438713746
389000.0,393000.0,385500.0,389000.0,210367,45.76271186440678,-10023.895805581007,-11553.80667082617
377000.0,387500.0,376000.0,385000.0,196337,41.573033707865164,-9249.628646728757,-11092.971066006688
386000.0,394000.0,382000.0,382000.0,244380,45.12195121951219,-8776.91644367663,-10629.760141540677
394000.0,397500.0,386500.0,397500.0,314399,53.60824742268042,-7070.068803750619,-9917.821873982666
393500.0,395500.0,390000.0,395000.0,178139,56.216216216216225,-5851.654626557836,-9104.5884244977
388000.0,390000.0,380000.0,390000.0,184384,61.53846153846153,-5229.231500534399,-8329.51703970504
393000.0,397500.0,389000.0,393500.0,192353,62.2093023255814,-4402.783393244958,-7544.170310413025
410000.0,412000.0,401000.0,401500.0,354959,64.48087431693989,-3066.930506984063,-6648.7223497272325
397500.0,412500.0,395500.0,412000.0,289496,76.37362637362638,-1147.7645076972549,-5548.530781321238
404000.0,404500.0,392000.0,397500.0,157923,57.396449704142015,-787.7596420713817,-4596.376553471267
407000.0,408000.0,398000.0,402500.0,153418,61.49425287356322,-97.86683120130328,-3696.674609017274
408500.0,415500.0,405000.0,410000.0,177713,67.03296703296704,1042.0533691236633,-2748.929013389087
402000.0,411500.0,402000.0,411500.0,146754,68.30601092896175,2042.936108761467,-1790.555988958976
409500.0,414000.0,402000.0,402500.0,142484,59.57446808510638,2085.8734562411555,-1015.2700999189498
403500.0,417000.0,400500.0,413500.0,138018,62.18905472636816,2973.236068013066,-217.56886633254666
400500.0,408500.0,399500.0,403500.0,133998,58.68544600938968,2836.8593556632986,393.3167780666224
401500.0,407000.0,394000.0,399000.0,355999,57.87037037037038,2338.708263586799,782.3950751706578
398500.0,406000.0,398500.0,401000.0,170895,51.85185185185185,2081.311159953242,1042.1782921271747
387500.0,398500.0,387000.0,396000.0,240864,50.51546391752578,1457.067717961676,1125.156177294075
387000.0,391000.0,386000.0,386500.0,118343,48.275862068965516,193.5485800143215,938.8346578381243
399500.0,402000.0,387500.0,391000.0,199901,48.78048780487806,-439.61938937479863,663.1438483955397
402500.0,406500.0,399500.0,403500.0,162446,50.93457943925233,66.46974445850356,543.8090276081325
400500.0,407000.0,399000.0,402500.0,104044,45.128205128205124,382.4487553596846,511.53697315844295
419500.0,420000.0,404500.0,404500.0,381220,54.117647058823536,785.1964276570943,566.2688640581732
418500.0,422000.0,415000.0,419500.0,212299,58.94736842105264,2288.372564896883,910.6896042259152
416000.0,417000.0,405000.0,416500.0,306911,53.591160220994475,3200.68010757881,1368.687704896494
398500.0,410000.0,398500.0,407000.0,247909,47.71573604060914,3121.1412295366754,1719.1784098245305
407500.0,408500.0,401000.0,402000.0,134399,49.735449735449734,2624.395484865061,1900.2218248326367
403000.0,412000.0,402000.0,412000.0,118968,49.19786096256685,3003.0203802378965,2120.781535913689
407500.0,410000.0,404000.0,405000.0,114805,50.828729281767956,2707.036803903349,2238.032589511621
413500.0,414000.0,409000.0,409500.0,154423,55.8011049723757,2803.2657762463205,2351.079226858561
413500.0,415500.0,409000.0,410500.0,136480,55.307262569832396,2926.4848767857184,2466.1603568439928
414500.0,417000.0,412000.0,416500.0,162037,61.32596685082873,3468.306281746365,2666.5895418244672
406000.0,417500.0,405500.0,417000.0,198659,68.71165644171779,3893.1714134762296,2911.90591615482
409000.0,412500.0,404500.0,406000.0,138182,58.52272727272727,3304.1834521424025,2990.3614233523367
401500.0,411000.0,401000.0,410000.0,183993,54.08805031446541,3124.159454491746,3017.121029580219
395000.0,402500.0,393000.0,401500.0,200531,49.425287356321846,2269.4493770789704,2867.5866990799695
395500.0,398500.0,392500.0,395000.0,105333,44.8087431693989,1055.4235400509206,2505.15406727416
393000.0,400000.0,392500.0,395500.0,163860,34.41558441558442,132.12211742153158,2030.5476773036344
376000.0,391500.0,376000.0,391500.0,365852,33.97435897435898,-911.8561723014573,1442.0669073826161
379500.0,384000.0,376000.0,379500.0,175633,32.919254658385086,-2676.6613147077733,618.3212629645384
376000.0,380000.0,373000.0,375500.0,152154,33.33333333333333,-4347.9284625793225,-374.92868214423385
373000.0,375500.0,358000.0,374000.0,307183,23.239436619718305,-5727.434878004831,-1445.4299213163536
374000.0,382500.0,372500.0,376500.0,180102,28.57142857142857,-6543.544635070371,-2465.0528640671573
380000.0,380000.0,365000.0,368500.0,341170,20.714285714285708,-7746.5531953345635,-3521.3529303206387
371500.0,381500.0,371500.0,380000.0,172629,31.055900621118013,-7683.42254374281,-4353.766853005073
373000.0,377000.0,365500.0,367000.0,106708,21.714285714285708,-8583.43787319382,-5199.701057042823
366000.0,372500.0,366000.0,368000.0,119203,22.159090909090907,-9110.989052983758,-5981.9586562310105
364500.0,372000.0,364000.0,366000.0,99287,24.68354430379746,-9580.027851360675,-6701.5724952569435
377000.0,378500.0,364000.0,364000.0,156443,20.129870129870127,-9997.87844437547,-7360.833685080649
367000.0,372000.0,364500.0,372000.0,143664,30.718954248366018,-9573.141690248856,-7803.295286114291
378500.0,378500.0,369000.0,373000.0,144221,34.50704225352112,-9051.503017468785,-8052.93683238519
370000.0,379000.0,370000.0,377000.0,121904,37.58389261744966,-8220.572398994758,-8086.463945707104
385000.0,389500.0,378000.0,380500.0,241390,42.56756756756757,-7196.674365728861,-7908.506029711456
372500.0,381000.0,372000.0,380000.0,176196,50.4,-6352.34770871728,-7597.274365512621
372000.0,375000.0,367500.0,373000.0,143701,48.091603053435115,-6176.85135113023,-7313.189762636143
378500.0,378500.0,372000.0,375000.0,150391,50.75757575757576,-5809.418576939497,-7012.435525496814
389000.0,390000.0,382500.0,382500.0,276918,54.22535211267606,-4857.049097708135,-6581.358239939079
389000.0,392000.0,381000.0,385000.0,121266,62.59541984732824,-3856.1094875102863,-6036.30848945332
391000.0,394000.0,387000.0,391000.0,121565,59.166666666666664,-2549.3207959021092,-5338.9109507430785
391500.0,397000.0,390500.0,394500.0,117367,77.22772277227723,-1217.2291338626528,-4514.574587366994
393000.0,395000.0,387500.0,391000.0,144291,71.69811320754718,-438.89829740591813,-3699.439329374779
388500.0,393000.0,383000.0,390000.0,239286,73.07692307692308,96.13467471720651,-2940.324528556382
383500.0,390500.0,383500.0,390500.0,115093,76.23762376237624,554.1105397741194,-2241.437514890282
381500.0,384500.0,379000.0,384000.0,125868,62.244897959183675,388.09037091815844,-1715.531937728594
385500.0,388000.0,382500.0,382500.0,119763,59.5959595959596,133.93678710318636,-1345.6381927622378
381500.0,390000.0,381500.0,389000.0,140797,61.53846153846153,451.8057822668925,-986.1493977564119
376500.0,384000.0,376000.0,381500.0,175717,50.89285714285714,97.40906016138615,-769.4377061728524
372000.0,379500.0,370000.0,379000.0,159484,49.13793103448276,-380.7924635413219,-691.7086576465463
364500.0,370000.0,364000.0,367500.0,224181,45.6,-1668.4911791085033,-887.0651619389378
364000.0,369500.0,364000.0,366500.0,130152,43.08943089430894,-2738.129874449107,-1257.2781044409717
362000.0,366000.0,360000.0,364000.0,157841,33.6283185840708,-3744.3923294943525,-1754.700949451648
356000.0,359000.0,355500.0,358500.0,213011,27.73109243697479,-4928.8498959315475,-2389.530738747628
364500.0,366000.0,355500.0,357000.0,157232,19.09090909090908,-5920.332605864562,-3095.691112171015
360000.0,363500.0,359000.0,363500.0,136480,23.275862068965523,-6111.148602468951,-3698.782610230602
342000.0,361000.0,342000.0,356500.0,386788,21.951219512195124,-6749.4101541963755,-4308.908119023757
328000.0,343500.0,326000.0,342000.0,401661,18.0,-8329.251425160037,-5112.976780251013
331000.0,335500.0,328000.0,331500.0,264516,15.294117647058826,-10309.705396141158,-6152.322503429043
332000.0,341000.0,329500.0,330500.0,194056,16.352201257861637,-11823.625682281447,-7286.583139199523
336500.0,340000.0,329000.0,329500.0,146087,16.455696202531655,-12954.7754713397,-8420.22160562756
351500.0,359500.0,338000.0,339000.0,395864,19.512195121951223,-12935.536411811714,-9323.284566864391
359000.0,360000.0,352500.0,355000.0,208870,35.35911602209946,-11496.696277858864,-9757.966909063287
353000.0,358500.0,350000.0,355500.0,180618,36.72316384180791,-10198.497354928753,-9846.072998236381
356500.0,365000.0,353000.0,354000.0,219013,41.40127388535032,-9184.825864257815,-9713.823571440667
351500.0,361000.0,350500.0,356500.0,163853,43.75,-8086.538219267735,-9388.366501006081
363000.0,363000.0,349000.0,356000.0,412793,44.871794871794876,-7173.7882043123245,-8945.45084166733
349000.0,363000.0,349000.0,363000.0,302758,52.83018867924528,-5818.513540694083,-8320.06338147268
336500.0,346000.0,336500.0,345000.0,273382,43.75,-6126.278251070762,-7881.3063553922975
331000.0,343500.0,331000.0,340000.0,213956,37.56613756613756,-6696.449710755376,-7644.335026464913
343000.0,344500.0,332000.0,332500.0,220974,37.36842105263158,-7665.143022921344,-7648.4966257562
340000.0,346000.0,340000.0,343000.0,105297,50.54945054945055,-7499.131879770197,-7618.623676559
333000.0,343000.0,333000.0,338000.0,165513,53.801169590643276,-7682.466375822492,-7631.392216411699
331000.0,336000.0,330500.0,334000.0,102798,51.977401129943495,-8057.643358475179,-7716.642444824396
331000.0,336000.0,331000.0,334000.0,124542,52.57142857142857,-8259.760443362873,-7825.266044532092
331000.0,338000.0,330000.0,330500.0,113087,44.78527607361964,-8603.188239860523,-7980.850483597778
328000.0,334000.0,327500.0,331500.0,122751,32.330827067669176,-8694.44149079331,-8123.568685036885
326500.0,331500.0,322500.0,327000.0,152685,29.787234042553195,-9025.82860772591,-8304.020669574691
347000.0,348500.0,325500.0,328000.0,305328,31.42857142857143,-9102.83186335431,-8463.782908330615
343500.0,362000.0,341500.0,353000.0,352020,48.10810810810811,-7065.124079435132,-8184.051142551519
358000.0,369500.0,353000.0,360000.0,714015,52.02020202020203,-4829.7105840063305,-7513.1830308424815
359000.0,367000.0,355500.0,364000.0,226816,50.520833333333336,-2704.1904883398092,-6551.384522341948
357500.0,361500.0,352000.0,359000.0,207422,58.433734939759034,-1406.9403793322854,-5522.495693740016
358500.0,364000.0,352500.0,358000.0,229191,61.392405063291136,-454.31490498926723,-4508.859535989866
363000.0,370000.0,358000.0,359000.0,273777,68.27586206896552,376.9935424873838,-3531.6889202944167
362000.0,367000.0,360500.0,363000.0,172607,65.15151515151516,1343.0956760660629,-2556.732001022321
375000.0,375000.0,357500.0,364500.0,516468,71.19999999999999,2204.3654881169787,-1604.5125031944613
373000.0,375000.0,368500.0,371000.0,182104,78.46153846153845,3372.547073192545,-609.10058791706
358500.0,373500.0,357500.0,373000.0,245160,79.1044776119403,4408.899630466069,394.49945575956576
346500.0,360000.0,343000.0,359000.0,345755,68.38709677419355,4053.8037749913055,1126.360319605914
336500.0,348000.0,335500.0,346000.0,262255,58.100558659217874,2692.360540360154,1439.5603637567622
335000.0,342500.0,331500.0,333000.0,197622,53.06122448979591,557.983527012635,1263.2449964079367
345500.0,347500.0,335000.0,335000.0,237970,53.53535353535354,-961.063802841003,818.3832365581488
328500.0,343000.0,328000.0,343000.0,268882,43.90243902439024,-1502.0716675088042,354.2922557447583
326000.0,333500.0,324000.0,330500.0,152694,33.14285714285714,-2905.9715994563885,-297.76051529547107
321500.0,330000.0,320000.0,324000.0,158027,27.77777777777777,-4491.295231615251,-1136.4674585594273
332500.0,342500.0,313000.0,315000.0,464700,26.59574468085107,-6400.123772689956,-2189.198721385533
325000.0,334000.0,322500.0,332000.0,165067,38.18181818181818,-6466.58346985461,-3044.675671079349
329500.0,333000.0,321500.0,323500.0,95268,34.8936170212766,-7123.0224523071665,-3860.3450273249127
333000.0,342000.0,326000.0,326000.0,164442,34.05172413793103,-7356.722253917542,-4559.620472643439
324000.0,335000.0,323000.0,334000.0,181873,37.55102040816327,-6817.8064602628,-5011.2576701673115
333500.0,337000.0,322000.0,325000.0,219837,31.599999999999994,-7035.831904433435,-5416.172517020536
336000.0,337500.0,324000.0,326000.0,200803,31.048387096774192,-7046.697059787228,-5742.277425573875
322000.0,340000.0,311000.0,332500.0,408563,38.62660944206009,-6456.386887374509,-5885.099317934002
337000.0,342000.0,328000.0,331500.0,370935,43.0622009569378,-6000.088183776243,-5908.097091102451
324500.0,338500.0,322500.0,332500.0,290231,49.72972972972973,-5494.440046384174,-5825.365682158796
321000.0,325500.0,311000.0,324500.0,425356,44.67005076142132,-5673.838912571198,-5795.060328241277
322000.0,329000.0,317000.0,323000.0,260609,39.130434782608695,-5869.392566563038,-5809.926775905629
328500.0,330000.0,321000.0,321000.0,144514,44.171779141104295,-6115.26061380381,-5870.993543485266
329500.0,331500.0,322000.0,325500.0,127711,50.94339622641509,-5879.228336128581,-5872.640502013929
337000.0,342000.0,332000.0,334000.0,196856,62.025316455696206,-4949.240331270499,-5687.960467865243
336500.0,344500.0,335500.0,343500.0,151534,58.04195804195805,-3406.380893489695,-5231.644552990134
329500.0,336500.0,328000.0,336500.0,126345,59.28571428571428,-2717.1732896045432,-4728.750300313016
330000.0,334000.0,327000.0,333000.0,104179,54.929577464788736,-2425.433163602196,-4268.086872970852
350000.0,353000.0,332000.0,333000.0,489967,49.20634920634921,-2169.2215758384555,-3848.313813544373
363000.0,364000.0,348500.0,351500.0,474976,68.27586206896552,-467.9820517975022,-3172.247461194999
359000.0,366000.0,357000.0,359500.0,232206,71.06918238993711,1508.4076841525384,-2236.1164321254914
378000.0,378000.0,361500.0,365500.0,512014,70.8860759493671,3518.3038284534705,-1085.2323800096992
376500.0,383000.0,371500.0,378500.0,341089,75.82417582417582,6089.951191328,349.80433425784065
368500.0,379000.0,366500.0,375000.0,259901,72.72727272727272,7756.171191399684,1831.0777056862096
391000.0,394000.0,370000.0,371000.0,725018,75.97765363128492,8654.136477023945,3195.689459953757
388000.0,391500.0,381500.0,391000.0,316463,81.48148148148148,10854.489490239299,4727.449466010866
412000.0,416500.0,392000.0,392000.0,792620,83.17757009345794,12534.486985034891,6288.856969815671
411000.0,419000.0,407000.0,416500.0,340713,85.8267716535433,15662.297136398614,8163.54500313226
399500.0,410000.0,396500.0,399000.0,373803,73.8970588235294,16538.361532636278,9838.508309033065
410000.0,418000.0,401000.0,410500.0,463032,74.27536231884058,17953.64433273545,11461.535513773542
395000.0,412500.0,392500.0,412000.0,419682,78.49056603773585,18977.54231762531,12964.736874543896
399500.0,404000.0,386000.0,388500.0,302125,68.19672131147541,17688.829430372338,13909.555385709586
379500.0,400000.0,378000.0,398500.0,421418,70.15384615384616,17275.292787306593,14582.702866028987
399000.0,402500.0,380500.0,380500.0,365687,58.95061728395062,15318.52997251373,14729.868287325937
414000.0,414000.0,395000.0,403500.0,361481,62.429378531073446,15445.641385738505,14873.022907008452
399500.0,414000.0,399500.0,413500.0,302530,63.25966850828729,16166.932192273787,15131.80476406152
391500.0,409500.0,391000.0,405000.0,303860,57.507082152974505,15869.744850473478,15279.392781343913
393500.0,407000.0,392500.0,398500.0,468352,56.54596100278551,14937.535453331133,15211.021315741358
397000.0,402500.0,390500.0,397000.0,233849,57.344632768361585,13917.285521628917,14952.274156918871
413000.0,413000.0,401000.0,401000.0,447420,53.105590062111794,13278.431181729713,14617.50556188104
413500.0,420000.0,409000.0,415000.0,349449,56.609195402298845,13743.392240991234,14442.68289770308
413500.0,415500.0,402500.0,410500.0,304509,48.051948051948045,13592.083757609362,14272.563069684336
414500.0,418000.0,406500.0,413000.0,250953,55.03597122302158,13518.07188307814,14121.664832363098
414500.0,430000.0,414500.0,419500.0,445787,53.35820895522388,13824.551788980141,14062.242223686508
408500.0,421500.0,408500.0,409500.0,245424,49.12280701754386,13109.405825923546,13871.674944133916
403500.0,406000.0,396000.0,403500.0,255155,55.99999999999999,11921.078865398595,13481.555728386853
420000.0,426000.0,409000.0,413500.0,433698,55.99999999999999,11651.921516093891,13115.628885928261
436500.0,444000.0,412000.0,416500.0,803706,66.36363636363637,11547.574059902458,12802.017920723101
427000.0,433000.0,421000.0,432000.0,635669,63.90243902439024,12570.69130579353,12755.752597737188
411000.0,428500.0,408500.0,426500.0,441897,56.63265306122449,12790.276711482613,12762.657420486274
411000.0,413500.0,402500.0,407500.0,245480,51.1520737327189,11300.888904412976,12470.303717271614
403500.0,409000.0,389500.0,407500.0,631127,54.41176470588235,10005.20456663007,11977.283887143305
404500.0,415000.0,404500.0,415000.0,495248,58.33333333333334,9474.338437978178,11476.69479731028
397000.0,411000.0,397000.0,403000.0,250437,50.862068965517246,7993.183055838046,10779.992449015834
388500.0,399000.0,385000.0,396500.0,250780,41.474654377880185,6223.124758653226,9868.618910943313
389500.0,393500.0,387500.0,389000.0,135508,40.35874439461884,4167.117548509501,8728.31863845655
381500.0,388000.0,376500.0,386500.0,213207,38.116591928251125,2309.3669702087063,7444.528304806982
403000.0,405500.0,381500.0,381500.0,332684,32.727272727272734,428.686409201473,6041.359925685881
406500.0,419000.0,403000.0,411000.0,405512,50.57915057915058,1303.6097712704213,5093.809894802789
407000.0,419000.0,406500.0,419000.0,242245,55.893536121673,2612.4117242159555,4597.530260685423
416500.0,417500.0,403000.0,403000.0,360352,46.18181818181818,2331.7020095810876,4144.364610464556
409000.0,412500.0,400500.0,410000.0,281126,47.70318021201414,2643.6052017094917,3844.212728713543
411500.0,417500.0,405000.0,406500.0,174514,40.15444015444015,2578.644965323445,3591.0991760355237
407500.0,417000.0,404500.0,408000.0,266013,42.62948207171315,2618.0220454731025,3396.48374992304
412500.0,419000.0,404500.0,405000.0,254445,48.858447488584474,2379.7217858128715,3193.1313571010064
426000.0,427000.0,408000.0,417000.0,418485,53.909465020576135,3123.1649238475948,3179.1380704503244
420000.0,425500.0,416500.0,422000.0,177179,52.94117647058823,4068.9033946856507,3357.09113529739
390500.0,429000.0,386000.0,426500.0,689223,60.53811659192825,5122.471673607943,3710.1672429595005
386000.0,391000.0,375000.0,389000.0,456391,47.368421052631575,2898.0881693605916,3547.7514282397187
398500.0,408500.0,394000.0,394500.0,379413,51.95729537366548,1561.0573535615695,3150.412613304089
416000.0,435500.0,415000.0,435000.0,969362,63.58543417366947,3726.5054910003673,3265.6311888433447
427000.0,433500.0,416000.0,418000.0,642992,59.580052493438316,4024.489011888334,3417.402753452343
412000.0,425000.0,411500.0,421500.0,349926,53.19148936170213,4491.29104093858,3632.1804109495906
422000.0,423000.0,405000.0,421500.0,461180,50.79872204472844,4805.836322491465,3866.9115932579657
371000.0,403500.0,371000.0,403000.0,1016392,50.0,3521.724092112796,3797.874093028932
383500.0,385500.0,375000.0,375000.0,365846,40.27777777777777,241.90141484042397,3086.6795573912304
393500.0,395500.0,380500.0,384500.0,292704,44.08602150537634,-1572.682180342672,2154.80720984445
400500.0,402500.0,390000.0,393500.0,216309,46.253229974160206,-2258.4934622627916,1272.1470754230018
400500.0,406500.0,394500.0,399000.0,209853,48.46938775510204,-2331.325737701496,551.4525127981021
405000.0,409500.0,402000.0,403500.0,142194,46.41909814323607,-2002.8458881141269,40.59283261565633
419500.0,425000.0,408000.0,410000.0,446632,46.84210526315789,-1204.1469075187924,-208.35511541123344
406000.0,422000.0,405000.0,417000.0,215592,47.53246753246753,-6.25856765039498,-167.93580585906577
400500.0,414000.0,399500.0,408500.0,174304,55.96330275229357,254.26658259006217,-83.49532816924018
402500.0,405500.0,399000.0,400000.0,116484,51.65165165165165,-222.57857414562022,-111.3119773645162
381500.0,402500.0,380000.0,400000.0,280997,36.11111111111111,-593.6386989483144,-207.77732168127585
391500.0,397500.0,385000.0,387000.0,185989,37.29508196721312,-1914.6272446034127,-549.1473062657033
397000.0,401000.0,385000.0,393500.0,241946,38.8,-2409.2521479559364,-921.16827460375
389000.0,395000.0,384500.0,391000.0,246025,38.03921568627451,-2968.7531161329243,-1330.685242909585
382000.0,395000.0,382000.0,389000.0,170616,43.69369369369369,-3532.820790731581,-1771.1123524739842
390500.0,397000.0,383000.0,383000.0,265117,54.49438202247191,-4413.126566662395,-2299.5151953116665
387500.0,397500.0,379500.0,385500.0,254353,50.609756097560975,-4853.102584082109,-2810.232673065755
385000.0,396000.0,384500.0,392000.0,249658,49.056603773584904,-4623.988608167856,-3172.9838600861754
378000.0,391000.0,376500.0,388000.0,260700,42.94871794871794,-4710.8766485977685,-3480.5624177884943
404500.0,404500.0,374000.0,383000.0,586555,36.94267515923567,-5124.126519036072,-3809.27523803801
400000.0,400000.0,389500.0,396000.0,330114,41.76470588235294,-4352.466143806407,-3917.9134191916896
398000.0,402500.0,394500.0,399000.0,204346,38.888888888888886,-3458.971933654335,-3826.1251220842187
382500.0,405000.0,378500.0,398500.0,392455,43.15068493150685,-2759.4084136359743,-3612.78178039457
381500.0,386000.0,380000.0,384000.0,208785,39.87341772151899,-3336.566243665642,-3557.538673048785
372000.0,380000.0,368000.0,373500.0,247458,35.19553072625699,-4588.33871740778,-3763.698681920584
357500.0,377000.0,356000.0,375000.0,359300,42.30769230769231,-5397.125257035892,-4090.383996943646
359000.0,361500.0,345000.0,359000.0,284110,30.285714285714278,-7245.63750025403,-4721.434697605723
350000.0,362000.0,350000.0,361500.0,172107,33.14285714285714,-8411.900511319516,-5459.527860348482
344500.0,352000.0,343500.0,351500.0,174814,30.36649214659687,-10027.498021284526,-6373.121892535692
348000.0,350500.0,340500.0,341000.0,200696,29.0,-12016.612902068766,-7501.820094442307
348000.0,358500.0,345000.0,345000.0,169683,30.049261083743843,-13119.00646505272,-8625.25736856439
